url,title,meta_description,primary_keyword
https://www.thebaseo.com/,BASEO — SEO for Cash Home Buyers,"The only SEO team built exclusively for real estate investors who buy houses for cash. Motivated seller leads from Google, every month, without running ads.",SEO for cash home buyers
https://www.thebaseo.com/contact/,Get Your Free Site Audit — BASEO,"We'll show you exactly what's holding your site back — a written review of your site, your competitors, and your market. Free. No call required.",Contact Us
https://www.thebaseo.com/home-cash-buyers-seo/,SEO for Real Estate Investors - Built for Cash Home Buyers | BASEO,"SEO for real estate investors who buy houses for cash. We took one client from 3 to 42 motivated seller leads a month in 9 months. Free site audit, no 12-month contract.",SEO for Real Estate Investors
https://www.thebaseo.com/home-cash-buyers-seo/case-studies/,Case Studies,"Real cash home buyers, real numbers — how we grew their organic and AI-search leads month over month.",Case Studies
https://www.thebaseo.com/home-cash-buyers-seo/case-studies/ninebird-properties/,How Ninebird Properties Went From 2 to 26 Seller Leads a Month From Search — BASEO,"Traffic is nice. Leads pay the bills. The number that matters most in this case is simple: Ninebird Properties went from a trickle of about 2 seller leads a month from search to a steady 26 a month, every one of them an inbound homeowner who found them on their own and reached out. That is the difference between a website that exists and a website that works.",From 2 to 26 Seller Leads a Month From Search
https://www.thebaseo.com/home-cash-buyers-seo/resources/,Resources,"No-fluff SEO and AI-search guidance for cash home buyers — market-specific rankings, content that converts, and how to get cited by AI search.",Blog Post
https://www.thebaseo.com/home-cash-buyers-seo/resources/best-seo-company-for-real-estate/,Best SEO Company for Real Estate: How to Choose in 2026,"How to pick the best SEO company for real estate: the services that matter, real pricing, ROI, and a 7-point checklist to avoid getting burned again.",best seo company for real estate
https://www.thebaseo.com/home-cash-buyers-seo/resources/buy-foreclosure-with-cash/,Do You Have to Buy a Foreclosure With Cash? Not Always,"Do you have to buy a foreclosure with cash? Usually only at auction. Pre-foreclosures, short sales, and bank-owned homes can be financed. Here's how, by stage.",
https://www.thebaseo.com/home-cash-buyers-seo/resources/google-ads-for-real-estate/,"Google Ads for Real Estate: Costs, Keywords & Setup","Google Ads for real estate in 2026: real CPC and cost-per-lead numbers, the best keywords, campaign types, and the Housing policy that gets accounts banned.",google ads for real estate
https://www.thebaseo.com/home-cash-buyers-seo/resources/how-to-do-seo-real-estate-website/,How to Do SEO for a Real Estate Website: 8 Steps,"How to do SEO for a real estate website in 8 steps, ordered by impact: audit, keywords, location pages, GBP, technical, content, links, and AI search.",how to do seo for real estate website
https://www.thebaseo.com/home-cash-buyers-seo/resources/how-to-get-motivated-seller-leads/,"How to Get Motivated Seller Leads (Free & Paid, 2026)","How to get motivated seller leads as a cash buyer in 2026: the free, paid, and referral channels that actually bring in deals, ranked by cost and speed.",
https://www.thebaseo.com/home-cash-buyers-seo/resources/how-to-start-wholesaling-real-estate/,How To Start Wholesaling Real Estate,"How to start wholesaling real estate in 2026: what it is, whether it's legal in your state, how much you need, and the 7 steps to your first deal.",how to start wholesaling real estate
https://www.thebaseo.com/home-cash-buyers-seo/resources/how-to-use-crm-for-real-estate/,How to Use a CRM for Real Estate: Step-by-Step,"How to use a CRM for real estate: import contacts, connect lead sources, build your pipeline, automate follow-ups, and turn more leads into closed deals.",how to use crm for real estate
https://www.thebaseo.com/home-cash-buyers-seo/resources/keywords-for-real-estate-investors/,Keywords for Real Estate Investors: 2026 Target List,"100+ keywords for real estate investors, sorted by intent and difficulty: motivated-seller, cash-buyer, wholesaling, flip, rental and geo terms that convert.",keywords for real estate investors
https://www.thebaseo.com/home-cash-buyers-seo/resources/marketing-for-real-estate-agents/,Marketing for Real Estate Agents: The Deal-Math Playbook,"Marketing for real estate agents, ordered by what makes the phone ring: brand, local SEO, social, ads, and the compounding channel.",marketing for real estate agents
https://www.thebaseo.com/home-cash-buyers-seo/resources/questions-to-ask-motivated-sellers/,Questions to Ask Motivated Sellers + Phone Script,"The questions to ask motivated sellers that reveal real motivation, equity, and timeline, plus a copy-paste phone script to qualify deals fast.",questions to ask motivated sellers
https://www.thebaseo.com/home-cash-buyers-seo/resources/rank-in-ai-overviews/,How to Rank in AI Overviews: The Practical Playbook for 2026,AI Overviews now show on ~48% of searches and cut top-page clicks up to 58%. Here's what triggers them and how to get your page cited in 2026.,how to rank in ai overviews
https://www.thebaseo.com/home-cash-buyers-seo/resources/real-estate-facebook-ads/,Real Estate Facebook Ads: The 2026 Lead-Gen Playbook,"Real estate Facebook ads in 2026: the Housing Special Ad Category rules, real cost per lead, campaign setup, and where paid social stops and organic wins.",real estate facebook ads
https://www.thebaseo.com/home-cash-buyers-seo/resources/real-estate-keywords-for-ads/,Real Estate Keywords for Ads: 150+ PPC Terms (2026),"The best real estate keywords for ads in 2026, grouped by buyer, seller and investor intent, plus match types, negative keywords and CPC benchmarks.",best seo company for real estate
https://www.thebaseo.com/home-cash-buyers-seo/resources/real-estate-leads-without-cold-calling/,How to Get Real Estate Leads Without Cold Calling: 9 Ways,"Only ~1% of cold calls become appointments. Here are 9 ways to get real estate leads without cold calling, ranked by cost per deal and compounding.",how to get real estate leads without cold calling
https://www.thebaseo.com/home-cash-buyers-seo/resources/search-engine-optimization-services-for-real-estate/,"Real Estate SEO Services That Bring Deals, Not Traffic","Search engine optimization services for real estate, built around leads and cost per deal: city pages, seller-situation content, local SEO, AEO. Free audit.",
https://www.thebaseo.com/home-cash-buyers-seo/resources/seller-leads-for-real-estate-investors/,Seller Leads for Real Estate Investors: 2026 Guide,"Motivated seller leads for real estate investors in 2026: free vs. paid sources, what leads cost per deal, and how to build your own pipeline.",leads for real estate agents
https://www.thebaseo.com/home-cash-buyers-seo/resources/seo-for-realtors/,SEO for Realtors: Rank Your Real Estate Website 2026,"SEO for realtors, explained simply: how local SEO, Google Business Profile, city pages, and AI search bring in real leads, not just traffic.",seo for realtors
https://www.thebaseo.com/home-cash-buyers-seo/resources/seo-services-for-real-estate-investors/,SEO Services for Real Estate Investors | Cash Buyers,"SEO services for real estate investors built only for cash home buyers: city pages, AI search, and lead reporting. Free audit, no 12-month contract.",seo services for real estate investors
https://www.thebaseo.com/home-cash-buyers-seo/resources/short-sale-leads-realtors/,Short Sale Leads for Realtors: 8 Best Sources (2026),"Where to find short sale leads as a realtor in 2026: data lists, direct mail, pre-foreclosure records, and inbound. Compare cost, speed, and how to convert.",short sale leads realtors
https://www.thebaseo.com/home-cash-buyers-seo/resources/social-media-marketing-real-estate-investors/,Social Media Marketing for Real Estate Investors,"How cash home buyers use social media to reach motivated sellers, build a buyers list, and where search picks up the leads social can't.",real estate social media marketing
https://www.thebaseo.com/home-cash-buyers-seo/resources/top-real-estate-keywords/,"Top Real Estate Keywords for 2026, by Search Intent","The top real estate keywords for 2026, organized by search intent with real monthly volumes: buyer, seller, rental, local, and AI-search terms that convert.",
https://www.thebaseo.com/home-cash-buyers-seo/resources/what-pre-foreclosure-means-for-buyers/,What Pre-Foreclosure Means for a Buyer (Full Guide),"What does pre-foreclosure mean for a buyer? A plain guide to buying pre-foreclosure homes: the timeline, the steps, and the risks to verify first.",what does pre foreclosure mean for a buyer 
https://www.thebaseo.com/home-cash-buyers-seo/resources/where-to-find-foreclosure-listings/,Where to Find Foreclosure Listings in 2026 (Free & Paid),"The best places to find foreclosure listings in 2026, free and paid: HUD, HomePath, Zillow, Auction.com, and the county records most buyers skip.",where to find foreclosure listings
https://www.thebaseo.com/home-cash-buyers-seo/resources/how-to-convert-leads-in-real-estate/,How to Convert Leads in Real Estate: Investor Playbook,"How to convert leads in real estate as a cash buyer: conversion benchmarks by source, a 6-question seller script, and a 90-day follow-up cadence.",how to convert leads in real estate
https://www.thebaseo.com/home-cash-buyers-seo/resources/real-estate-website-builder/,Real Estate Website Builder: 7 Best Platforms (2026),"The 7 best real estate website builders compared on price, IDX, lead capture and SEO, plus the one thing no builder does for you: actually rank.",real estate website builder
https://www.thebaseo.com/home-cash-buyers-seo/resources/crm-for-real-estate-investors/,CRM for Real Estate Investors: 10 Best Tools (2026),"The 10 best CRMs for real estate investors in 2026: real pricing, verdicts by investor type, and where ChatGPT fits (and where it can't). Compare here.",crm for real estate investors